Datum,Tekst,Link,Type,Opmerkingen
2026-04-06,"Een foto sturen via WhatsApp — hoe deed u dat ook alweer?

Maak een foto. Tik op het paperclip-icoontje in WhatsApp. Kies 'Galerij'. Selecteer de foto. Tik op verzenden.

Vijf stappen, en uw kleinkind heeft de foto al op zijn of haar telefoon.

Heeft u dit wel eens geprobeerd?

💡 Meer handige uitleg vindt u op www.seniorease.nl",https://www.seniorease.nl,Praktisch,"Afbeelding: smartphone met WhatsApp open, foto van bloem of tuin zichtbaar"
2026-04-07,"De batterij is weer leeg. En u weet niet hoe dat zo snel kan.

Scherm altijd aan. Veel apps op de achtergrond. Het gebeurt zonder dat u het merkt.

Kleine tip: zet uw scherm eerder op zwart. Bij veel telefoons doet u dat via Instellingen → Scherm → Schermtime-out. Kies voor 1 of 2 minuten.

Scheelt echt een hoop!",, Herkenbaar,"Afbeelding: telefoon met lege batterij-indicator"
2026-04-08,"Heeft u thuis nog boeken staan die u al jaren niet meer heeft opengeslagen?

Met de SeniorEase app scant u gewoon de barcode op de achterkant. De app herkent het boek meteen en voegt het toe aan uw persoonlijke bibliotheek.

Zo weet u altijd wat u heeft — en wat u misschien wilt uitlenen aan een vriend of buurvrouw.

Probeer het op www.seniorease.nl",https://www.seniorease.nl,SeniorEase,"Afbeelding: hand die barcode van boek scant met telefoon"
2026-04-09,"Even een vraagje!

Gebruikt u uw telefoon of tablet vooral voor...

A) WhatsApp en berichten
B) Nieuws lezen
C) Foto's bekijken
D) Iets anders — schrijf het hieronder!

Wij zijn erg benieuwd. Elk antwoord is goed!",,Interactie,"Afbeelding: senior met tablet, ontspannen sfeer"
2026-04-10,"'Uw pakket kan niet worden bezorgd. Klik hier.'

Kent u dit soort berichten? Ze lijken echt, maar zijn het niet.

Een paar signalen dat het nep is:
- U verwacht helemaal geen pakket
- Er wordt gevraagd om uw gegevens of betaling
- De link ziet er vreemd uit

Twijfelt u? Klik dan gewoon niet. U kunt altijd even bellen met familie.",,Veiligheid,"Afbeelding: telefoon met verdacht SMS-bericht"
2026-04-11,"Vroeger wachtte u op een brief. Soms wel een week.

Nu stuurt u een appje en heeft u binnen een minuut antwoord.

Vindt u dat fijn — of miste u soms de rust van vroeger?",,Nostalgie,"Afbeelding: oude brievenbus of vintage ansichtkaart"
2026-04-12,"Een mooie zondag begint met koffie en rust.

En misschien een rondje door de tuin, een telefoontje met familie, of gewoon lekker niets doen.

Wat zijn uw plannen vandaag?",,Weekend,"Afbeelding: koffiekopje op een tafel bij het raam, zonlicht"
